xdm.issue.asset_ids	xdm.issue.asset_group_ids	xdm.issue.id	_insert_time	xdm.issue.external_id	xdm.issue.observation_time	xdm.issue.domain	xdm.issue.detection.method	xdm.issue.category	xdm.issue.platform_status.resolution_reason	xdm.issue.status.resolution_comment	xdm.issue.platform_status.resolution_comment	xdm.issue.user_allocated.status.resolution_comment	xdm.issue.normalized_fields	xdm.issue.extended_fields	xdm.issue.detection.rule_id	xdm.issue.assigned_to	xdm.issue.assigned_to_pretty	xdm.issue.mitre_techniques	xdm.issue.mitre_tactics	xdm.issue.name	xdm.issue.description	xdm.issue.type	xdm.issue.custom_fields	xdm.issue.remediation	xdm.issue.impact	xdm.issue.extended_description	xdm.issue.initial_evidence	xdm.issue.agentic_response_status	xdm.issue.agentic_assistant_id	xdm.issue.agentic_response_conversation_id	original_tags	xdm.issue.resolution_status_modified_ts	xdm.issue.last_modified	xdm.issue.case_ids	action_status	xdm.issue.exception_expiration	xdm.issue.exception_ids	_time	xdm.issue.is_starred	xdm.issue.is_excepted	xdm.issue.is_excluded	xdm.issue.auto_resolve_assets	xdm.issue.auto_resolve_findings	xdm.issue.severity	xdm.issue.status.progress	xdm.issue.platform_severity	xdm.issue.user_allocated.severity	xdm.issue.platform_status.progress	xdm.issue.status.resolution_reason	xdm.issue.user_allocated.status.progress	xdm.issue.user_allocated.status.resolution_reason
9d60da00ebb19c0ac8ead7f5a92da96251a78e80d02b2db494f219b3ee7626b7	42	870378	Jun 20 2026 09:47:46	3333376265363439636561383765613865376562376534383636666538373239	Jun 20 2026 09:47:44	POSTURE	XPANSE	CONFIGURATION					"{""xdm.finding_sources"":[""CORTEX_ATTACK_SURFACE_MANAGEMENT""],""xdm.resolution_timer"":{""runStatus"":""running"",""startDate"":""2026-06-20 13:47:46""},""xdm.source.host.os_family"":""NO_HOST"",""xdm.source.location.country"":[""UNKNOWN""],""xdm.source.process.executable.signature_status"":[""SIGNATURE_UNAVAILABLE""],""xdm.target.host.ipv4_addresses"":[""8.130.54.67""],""xdm.target.host.ipv6_addresses"":[],""xdm.target.process.executable.signature_status"":[""SIGNATURE_UNAVAILABLE""]}"	{}	PulseSecurePulseConnectSecureVPN					Ivanti Connect Secure (Formerly Pulse Secure Pulse Connect Secure VPN) (22.0) at 8.130.54.67:19346	Ivanti Connect Secure (Formerly Pulse Secure Pulse Connect Secure VPN) is VPN software by Ivanti that allows users and organizations to securely connect to remote network resources using any web-enabled device. This issue identifies the login portal for Ivanti Connect Secure. Under certain conditions, the version and model information may be identified.	Unclassified	{}	"Unpatched and misconfigured Ivanti Connect Secure Servers pose a serious security risk to any organization as severe vulnerabilities have been released including remote code execution (RCE) with a total of over 70 CVEs published for this device.

1. Ivanti Connect Secure Servers should be patched as soon as possible to prevent active exploits from being successfully ran against these devices.
2. VPN servers should be configured to include verbose logging to identify activities such as compromised account logins, anomalous geolocation based logins, brute force activity, injection attacks, impossible logins, single IPs hitting multiple accounts, and more.
3. Ensure administration/backend portals for Ivanti Connect Secure are not publicly available.
4. Ensure your IR plan for reacting to incidents involving your Pulse Connect Secure VPN include the ability to terminate sessions for users and deploy countermeasures in a swift timely manner.
5. Based on your organization and the nature of it's business consider geolocation IP filtering for access to the user login interface.
6. Consider blocking known TOR exit node traffic.
7. If possible obfuscate the nature of the server/domain hosting Ivanti Connect Secure by sanitizing applicable DNS records, server responses, and the domain name.
8. Ivanti Connect Secure Best Practices [here](https://forums.ivanti.com/s/article/KB29805?language=en_US)"							DOM:Posture,DS:PANW/ASM		Jun 20 2026 09:47:46		SCANNED			Jun 20 2026 09:47:44	FALSE	FALSE	FALSE	TRUE	TRUE	LOW	NEW	LOW	UNKNOWN	NEW			
